Date,rstar,g,z,output gap,real rate gap,,,All results are output from the Stage 3 model.,,,,,,,,,,,,,,,Standard Errors,Date,y*,r*,g
1961-01-01,5.49349061554218,4.82875889510893,0.00302189633931762,-3.7555729160382,-3.6720619756827,,,Parameter Point Estimates,,,,,,,,,,,,,,,,1961-01-01,1.43677044232571,1.28783689198707,0.541651072424098
1961-04-01,5.68239868433369,4.98979791494694,0.00882293489841629,-3.40755656922749,-3.81097788006785,,,a_y1,a_y2,a_r,b_pi,b_y,sigma_ygap,sigma_pi,sigma_ystar,phi,c,kappa2020Q2-Q4,kappa2021,kappa2022,a_y1 + a_y2,,,1961-04-01,1.44804869737737,1.27623097354223,0.529604441414042
1961-07-01,5.60903640644719,4.92309142689261,0.0113082803838743,-2.64021296632063,-3.77852083558897,,,1.38537984511496,-0.449005541969022,-0.0782618738918134,0.680428511600718,0.0705082106856784,0.453723828726389,0.787611138891984,0.49493825522553,-0.0834032042929012,1.13703517580142,9.0726814496891,1.79379514477779,1.66176565247992,0.936374303145938,,,1961-07-01,1.45597707734623,1.26553067153582,0.518876272104081
1961-10-01,5.59201059320089,4.9107190484663,0.00835029661661679,-1.93102788280373,-3.68120914272539,,,T Statistics,,,,,,,,,,,,,,,,1961-10-01,1.46062284099009,1.2558094650461,0.509054977886055
1962-01-01,5.4315194542335,4.76786434982396,0.0102899750340787,-1.11659253910921,-3.71704747478359,,,13.3099578941294,4.18897535690926,4.20389877061182,16.7724308596617,2.9400776548421,4.57978450552124,29.1454779723982,5.80072079335721,2.17624873230311,3.52007839985932,2.34451513935149,2.98495265202001,2.09906833907089,,,,1962-01-01,1.45699481559929,1.24753111197274,0.499665415304258
1962-04-01,4.90555735551365,4.31228551311083,0.00233703900774974,-0.527162400644215,-3.24387363530357,,,,,,,,,,,,,,,,,,,1962-04-01,1.44346975915916,1.24275134747989,0.490452527015695
1962-07-01,4.7926776603679,4.21646771369425,-0.00159444773346393,-0.191603207156504,-3.02706352764016,,,,,,,,,,,,,,,,,,,1962-07-01,1.43205454700154,1.23974883445388,0.481308190683499
1962-10-01,4.33007235798717,3.82474359858333,-0.0187956520233914,-0.0544638540720825,-2.50767608703999,,,Average Standard Errors,,,,,,,,,,,,,,,,1962-10-01,1.43941032538532,1.24100494993328,0.472481640687843
1963-01-01,4.31426149869866,3.80605735396048,-0.013359593872102,0.154363831698333,-2.45627425773263,,,y*,r*,g,,,,,,,,,,,,,,1963-01-01,1.44308917044404,1.24334850119683,0.464362418729044
1963-04-01,4.27947905169684,3.77284746068791,-0.0103812240383986,0.428062476736955,-2.41454858691966,,,1.63640165332099,1.16579219981346,0.422541254873416,,,,,,,,,,,,,,1963-04-01,1.45208936393894,1.24678953879409,0.45727887925527
1963-07-01,4.61398038716718,4.05836863839668,-0.000527511059170807,0.862670657504509,-2.37255633268263,,,,,,,,,,,,,,,,,,,1963-07-01,1.43795103281878,1.24833972938543,0.450893962862511
1963-10-01,4.33862411153333,3.8134862452584,0.00255610823963823,1.27962867941869,-2.30090139365299,,,Restrictions on MC draws: a_3 < -0.0025; b_2 > 0.025; a_1 + a_2 < 1,,,,,,,,,,,,,,,,1963-10-01,1.45618871630303,1.25309854320796,0.445581523533963
1964-01-01,4.65295650650888,4.08703185669744,0.00585752082288652,1.54206090117634,-2.70396916256917,,,Draws excluded:,,146,Total:,5000,,,,,,,,,,,,1964-01-01,1.44791462208454,1.2554534144762,0.440840131159164
1964-04-01,4.56295084037519,4.0224370199291,-0.0107015437300445,1.73971720273619,-2.53789317523197,,,Percent excluded:,,0.0283715507190051,,,,,,,,,,,,,,1964-04-01,1.45538076252651,1.25944936602619,0.436918281565236
1964-07-01,4.66488566379679,4.11837537824606,-0.0178520084234761,1.91861946068809,-2.53350628671556,,,Draws excluded because a_r > -0.0025:,,,,0,,,,,,,,,,,,1964-07-01,1.45760593273538,1.26306683411456,0.43352282773596
1964-10-01,4.39757926211116,3.89944014053996,-0.0362213436148131,1.88863266308715,-1.81630951254834,,,Draws excluded because b_y <  0.025:,,,,141,,,,,,,,,,,,1964-10-01,1.47212386554659,1.26986082793748,0.431394928861489
1965-01-01,4.79628786624387,4.23314820457461,-0.0169505467380981,2.1830260057568,-1.88812271907868,,,Draws excluded because a_y1 + a_y2 < 1:,,,,6,,,,,,,,,,,,1965-01-01,1.47355153070566,1.27173905835387,0.429220437557999
1965-04-01,4.7658138942922,4.2146913501479,-0.0264384259719559,2.40591335394959,-1.76176944322189,,,,,,,,,,,,,,,,,,,1965-04-01,1.4875432286289,1.27335237216839,0.427503509008972
1965-07-01,5.03506641356813,4.44917561596441,-0.0238027651013659,2.68392606524105,-2.06376825328884,,,Signal-to-noise Ratios,,,,Log Likelihood,,,,,,,,,,,,1965-07-01,1.51705049474247,1.27048774383505,0.425432100829218
1965-10-01,5.2665894156722,4.64904401332066,-0.0195371613224176,3.10916150669789,-2.27962838365476,,,lambda_g,0.0727695466617842,,,-587.789350155656,,,,,,,,,,,,1965-10-01,1.573349744428,1.2635099136184,0.422887933488631
1966-01-01,5.51282560983278,4.84416265006787,0.00484227940217173,3.70588096972017,-2.23503162396881,,,lambda_z,0.0206092077053792,,,,,,,,,,,,,,,1966-01-01,1.65453539607073,1.25295787759452,0.419872390887221
1966-04-01,5.24309541976273,4.57625998960234,0.0397268379722112,4.01641931929896,-2.08286003258926,,,,,,,,,,,,,,,,,,,1966-04-01,1.62813260644129,1.24556938577966,0.417579077483705
1966-07-01,5.22712671165933,4.55231715582582,0.0509819740810838,3.85450103299456,-2.04846849364935,,,,,,,,,,,,,,,,,,,1966-07-01,1.62963120970367,1.23773895991266,0.415478372712487
1966-10-01,5.20215910457583,4.5220057766148,0.0604794713875641,3.68996977645975,-2.3953212857824,,,State vector: [y_{t}* y_{t-1}* y_{t-2}* g_{t} g_{t-1} g_{t-2} z_{t} z_{t-1} z_{t-2}],,,,,,,,,,,,,,,,1966-10-01,1.63776629800467,1.2295632757478,0.413506379171509
1967-01-01,5.15730749199529,4.53230403438651,0.00391837747112513,3.18066826120287,-3.19279609998864,,,Initial State Vector,,,,,,,,,,,,,,,,1967-01-01,1.64782997095949,1.22123733728321,0.411603334498485
1967-04-01,4.91417834127994,4.33098146983998,-0.0102999356722682,2.85071073364713,-3.6862738283608,,,811.27211881791,810.111452336212,808.950880590638,1.16066648169806,1.16057174557351,1.16052441634675,0,0,0,,,,,,,,1967-04-01,1.61409009370935,1.2153505415712,0.4100760820574
1967-07-01,4.93599444475855,4.3246657307466,0.0186973853167027,2.84324574959066,-3.89299191039424,,,,,,,,,,,,,,,,,,,1967-07-01,1.61733399699873,1.20862588806458,0.408575891647509
1967-10-01,4.85822537190534,4.23950661984731,0.0377572170959588,2.92180496251251,-3.65998522905651,,,Initial Covariance Matrix,,,,,,,,,,,,,,,,1967-10-01,1.61313413144333,1.20192967254047,0.407275420918202
1968-01-01,5.09577286172758,4.4119344891815,0.0792481541967278,3.34416237537084,-3.82496952659356,,,0.643139873993012,0.2,0,0.2,0.2,0,0,0,0,,,,,,,,1968-01-01,1.66674532065851,1.19154063180672,0.405894621322213
1968-04-01,5.16245898073762,4.45866636467889,0.092798486935064,3.75993241466165,-3.10555485327335,,,0.2,0.2,0,0,0,0,0,0,0,,,,,,,,1968-04-01,1.70845603008458,1.17993233153488,0.404688188055122
1968-07-01,5.01843863682911,4.34957746363258,0.0728160608057259,3.7828305123054,-3.20834662700367,,,0,0,0.2,0,0,0,0,0,0,,,,,,,,1968-07-01,1.69385046694164,1.16958944671357,0.403777688120142
1968-10-01,4.85502353766298,4.21469655384452,0.0627653006127229,3.59195685701445,-3.22939866558063,,,0.2,0,0,0.201287524571602,0.2,0,0,0,0,,,,,,,,1968-10-01,1.66524002457906,1.16037689935446,0.403100190593964
1969-01-01,4.98920809231511,4.35037365651271,0.0426802169802954,3.48191195706249,-2.62220329607621,,,0.2,0,0,0.2,0.2,0,0,0,0,,,,,,,,1969-01-01,1.70538316821653,1.14898367957686,0.402568873364244
1969-04-01,4.78436426013286,4.17445777600986,0.0378589289118633,3.38430286429627,-0.518180752161346,,,0,0,0,0,0,0.2,0,0,0,,,,,,,,1969-04-01,1.68179036569938,1.13960181542455,0.402178900851163
1969-07-01,4.73877997647017,4.15219247402997,0.0175910768001595,3.02184018987418,0.213596377050151,,,0,0,0,0,0,0,0.214321413574167,0.2,0,,,,,,,,1969-07-01,1.68145335223587,1.13054061268267,0.401792938577459
1969-10-01,4.44700431884103,3.91299048070966,-0.00220350030197387,2.38618614117172,0.448272782117487,,,0,0,0,0,0,0,0.2,0.2,0,,,,,,,,1969-10-01,1.63091143694082,1.12450237458225,0.401198933361603
1970-01-01,4.29942752956097,3.81347626203529,-0.0366291224568838,1.54762553977866,0.177686827247203,,,0,0,0,0,0,0,0,0,0.2,,,,,,,,1970-01-01,1.60643740454734,1.11962136523413,0.400460857288674
1970-04-01,4.22376675665558,3.75365474822225,-0.0442707298871524,0.950906717023145,-0.420440007992964,,,,,,,,,,,,,,,,,,,1970-04-01,1.59707239963065,1.11528347372432,0.399718981522663
1970-07-01,4.29500605824233,3.82103439540213,-0.0496444572770183,0.644666838380999,-1.7369785956161,,,,,,,,,,,,,,,,,,,1970-07-01,1.61126231157472,1.11046784919973,0.399045216352742
1970-10-01,3.867289823921,3.40449352886925,-0.00373907419165281,0.411030608425449,-2.77136893044458,,,,,,,,,,,,,,,,,,,1970-10-01,1.56217551849071,1.11016290625704,0.398236416407567
1971-01-01,4.36833078163996,3.83464024281137,0.00820993901972929,0.56189088132362,-5.25812909415174,,,,,,,,,,,,,,,,,,,1971-01-01,1.61831489103133,1.104618373305,0.397816438231821
1971-04-01,4.09986648571257,3.6365805918154,-0.0350535668182975,0.803974481899786,-4.25670963376661,,,,,,,,,,,,,,,,,,,1971-04-01,1.59889069112788,1.10198745543251,0.397393816133462
1971-07-01,3.9418570277415,3.56236969357976,-0.10868262306762,0.795576297757748,-2.96033688272416,,,,,,,,,,,,,,,,,,,1971-07-01,1.58103734811954,1.10081155985267,0.396958061916753
1971-10-01,3.61893224878219,3.40546893567471,-0.253205721178995,0.349434297963853,-2.58845635421925,,,,,,,,,,,,,,,,,,,1971-10-01,1.55194973454248,1.10181008552091,0.396563461898771
1972-01-01,3.86501663278339,3.56249327392151,-0.185663533221336,0.88770463451317,-3.79463108422019,,,,,,,,,,,,,,,,,,,1972-01-01,1.55414304877713,1.10013078459852,0.396388717532824
1972-04-01,4.02934544464778,3.76447218180541,-0.250991844390911,1.25567945898342,-2.70902587036239,,,,,,,,,,,,,,,,,,,1972-04-01,1.57229210356269,1.09586313587619,0.396368406759664
1972-07-01,3.89225187183082,3.64988693541811,-0.257797961437629,1.69077589052142,-1.91233726769992,,,,,,,,,,,,,,,,,,,1972-07-01,1.55164280153861,1.09227128326982,0.3963740827428
1972-10-01,3.99226216049425,3.76844788078815,-0.292595638136204,1.87280414282748,-1.63673492651766,,,,,,,,,,,,,,,,,,,1972-10-01,1.55774320645936,1.08628105475087,0.39650773302598
1973-01-01,4.29404248098852,4.02378828074267,-0.281146334193428,2.39306744989676,-0.189120902708054,,,,,,,,,,,,,,,,,,,1973-01-01,1.61030514558143,1.07672012359089,0.397139515758625
1973-04-01,4.37923383353935,3.93598872706102,-0.096123800686902,3.31456357195736,0.446674862950951,,,,,,,,,,,,,,,,,,,1973-04-01,1.61464514416591,1.06763090473956,0.398273838981279
1973-07-01,4.07446457336383,3.65209559619671,-0.0780965849013046,2.97694155684474,3.22944090561806,,,,,,,,,,,,,,,,,,,1973-07-01,1.55955346857613,1.06113940560245,0.39944768392193
1973-10-01,4.28575058569366,3.78712120054691,-0.020339434351501,2.62523356801466,1.63027505888395,,,,,,,,,,,,,,,,,,,1973-10-01,1.57278031843566,1.05307507347686,0.401260109494605
1974-01-01,4.05755930888497,3.50215727271512,0.075483298619102,2.19370488351524,0.110680290043285,,,,,,,,,,,,,,,,,,,1974-01-01,1.53268133894792,1.04759879216658,0.402907330458088
1974-04-01,4.279150419831,3.46161309278037,0.343174568324955,2.40660500500667,0.941488648570245,,,,,,,,,,,,,,,,,,,1974-04-01,1.53183522411558,1.0421390189003,0.404669168891922
1974-07-01,4.11670023080678,3.1540489228,0.530435659384589,2.28821963443147,0.57910734830943,,,,,,,,,,,,,,,,,,,1974-07-01,1.50238454364126,1.03934331237693,0.405562282870904
1974-10-01,3.97511807697659,3.06988449088173,0.484551425196825,1.32781314773035,-3.42785637681362,,,,,,,,,,,,,,,,,,,1974-10-01,1.49316751341801,1.03779664191737,0.405698737634727
1975-01-01,3.46592102692277,2.78457580241395,0.299760389892639,0.000835105748024034,-6.48487221996996,,,,,,,,,,,,,,,,,,,1975-01-01,1.49690153169763,1.03929609065206,0.404621818082389
1975-04-01,3.34202451969762,2.86063627730642,0.0893804472265835,-0.808226193381188,-6.37421659200869,,,,,,,,,,,,,,,,,,,1975-04-01,1.50127981944294,1.04057960298034,0.40358382268729
1975-07-01,3.37606505447428,2.97340430187928,-0.00480022864173718,-0.505005851316469,-4.28904387225955,,,,,,,,,,,,,,,,,,,1975-07-01,1.49935856762986,1.04125101606397,0.402851788973955
1975-10-01,3.32813555599173,2.93621366462946,-0.0104426643607746,0.222460477672826,-4.23639394114108,,,,,,,,,,,,,,,,,,,1975-10-01,1.50337143245817,1.04239827108763,0.402084786842378
1976-01-01,3.5029208090096,3.11694453535647,-0.041154768712733,0.92284009716559,-4.61320016565322,,,,,,,,,,,,,,,,,,,1976-01-01,1.50289881062569,1.04242040332315,0.401559348091436
1976-04-01,3.21170257872549,2.97977087028871,-0.176401716621193,1.09053618123801,-3.60672570390881,,,,,,,,,,,,,,,,,,,1976-04-01,1.50779648552534,1.04451756135062,0.400461062234345
1976-07-01,3.1280968146856,2.84164849281051,-0.102957478903051,1.61481289583912,-3.49377821167815,,,,,,,,,,,,,,,,,,,1976-07-01,1.52397201350804,1.04819996746729,0.398997635550101
1976-10-01,3.08044871663594,2.7974573282984,-0.100358668442805,1.80748520303462,-3.82395923942935,,,,,,,,,,,,,,,,,,,1976-10-01,1.54004580617927,1.05263957658685,0.39764353294808
1977-01-01,3.1759404684098,2.83870912453065,-0.051771660050009,2.2344775463406,-4.3031017815765,,,,,,,,,,,,,,,,,,,1977-01-01,1.54080265201558,1.0567000374204,0.396741055487698
1977-04-01,3.35764496255059,3.02309082356152,-0.0797156434813499,2.65612915849601,-4.28162887983786,,,,,,,,,,,,,,,,,,,1977-04-01,1.5242069914808,1.05913093108624,0.396358303600876
1977-07-01,3.50079964302329,3.12347542486183,-0.0507017857959039,3.35970963037869,-3.81599728535249,,,,,,,,,,,,,,,,,,,1977-07-01,1.52197731322405,1.06099729005247,0.39628373638388
1977-10-01,3.13159291075915,2.89506389929825,-0.160196578935796,3.2295195550978,-2.58375922236581,,,,,,,,,,,,,,,,,,,1977-10-01,1.54327167866153,1.06567179640033,0.396349519114991
1978-01-01,3.03761680538793,2.81993909387615,-0.168753137966838,3.10141182402856,-2.11061110823985,,,,,,,,,,,,,,,,,,,1978-01-01,1.57092143889087,1.07039964559393,0.396752231602475
1978-04-01,3.84794338625858,3.45132510110882,-0.0763346568285503,3.90609933306541,-2.53457778080529,,,,,,,,,,,,,,,,,,,1978-04-01,1.526177405001,1.06793470285753,0.397361147054287
1978-07-01,3.72773174406191,3.36282767053545,-0.0959216074952597,4.34862181399694,-1.57395270955436,,,,,,,,,,,,,,,,,,,1978-07-01,1.5278395967524,1.06612327974549,0.398136761990078
1978-10-01,3.8534507785252,3.44792856406936,-0.0669652824721546,4.57265024716173,-0.391641693812044,,,,,,,,,,,,,,,,,,,1978-10-01,1.53242661378762,1.06342464466988,0.399148527115648
1979-01-01,3.56234259909548,3.36366249554262,-0.262259977860484,3.78335589634628,0.640331856682145,,,,,,,,,,,,,,,,,,,1979-01-01,1.52159421445867,1.06199655065446,0.400329715508024
1979-04-01,3.68955964778939,3.25663696768634,-0.013351139285266,4.02905672802046,0.169825313179633,,,,,,,,,,,,,,,,,,,1979-04-01,1.51378531884161,1.06092435704322,0.401634332432968
1979-07-01,3.72422410786547,3.36789064717705,-0.105186026227454,3.31136829134243,0.866756038804121,,,,,,,,,,,,,,,,,,,1979-07-01,1.51131603413346,1.05895002973515,0.403161255941887
1979-10-01,3.74442588208456,3.31290120842423,-0.0224593258488291,3.11949806444488,3.58913807743586,,,,,,,,,,,,,,,,,,,1979-10-01,1.50889983344501,1.05752507745662,0.404865911046932
1980-01-01,3.88919926402753,3.30060230974754,0.136298336513146,3.00389139332174,4.13028661700857,,,,,,,,,,,,,,,,,,,1980-01-01,1.50746567702851,1.05666709260976,0.406704483783938
1980-04-01,3.31692230217758,2.87622062420819,0.0465582790873449,1.57440405247655,1.8633785630647,,,,,,,,,,,,,,,,,,,1980-04-01,1.51104047681301,1.05985236509675,0.408108481682777
1980-07-01,3.38775396433764,2.93898827650885,0.0460209126790767,0.487600542812174,-1.80771142844444,,,,,,,,,,,,,,,,,,,1980-07-01,1.51593625538685,1.06203271081544,0.409515640325211
1980-10-01,3.84536568904348,3.2427437702056,0.158251956208791,0.646196502438215,4.35112079371991,,,,,,,,,,,,,,,,,,,1980-10-01,1.49264160239709,1.06104547450019,0.411325216189976
1981-01-01,4.05624622381698,3.4830404731658,0.0959066870874261,0.693075435972332,5.24472782436903,,,,,,,,,,,,,,,,,,,1981-01-01,1.50521236912971,1.05858003294305,0.413561370935009
1981-04-01,3.58075282659806,3.22076972151867,-0.081375639924821,-0.268973333377176,7.50165708841864,,,,,,,,,,,,,,,,,,,1981-04-01,1.48752931329831,1.05860498150126,0.415410384070406
1981-07-01,3.82758202351259,3.48733751396881,-0.137643399761835,-1.05596512571731,7.39614425967738,,,,,,,,,,,,,,,,,,,1981-07-01,1.50359453946712,1.05698148454235,0.41717319753205
1981-10-01,3.45236829650837,3.23091065124027,-0.221290763823296,-2.19071025562835,3.66408232913827,,,,,,,,,,,,,,,,,,,1981-10-01,1.50306830955267,1.0580662422509,0.418145708256643
1982-01-01,2.96639280114082,2.95600047869268,-0.394683722818595,-3.84902052791244,5.60857582045699,,,,,,,,,,,,,,,,,,,1982-01-01,1.53837106789713,1.06172530763655,0.418273214599011
1982-04-01,3.04603920238169,3.08030315326264,-0.456373835009966,-4.75386584685077,6.41764313984453,,,,,,,,,,,,,,,,,,,1982-04-01,1.55225421657402,1.06501788607943,0.41826185547931
1982-07-01,2.94697909973735,2.91855754443368,-0.371523490884366,-5.08992412005932,2.71257866783619,,,,,,,,,,,,,,,,,,,1982-07-01,1.5891185434465,1.07005303671003,0.417971302040987
1982-10-01,2.83953982179727,2.86382015384605,-0.416724430294722,-5.65889812894738,1.26213107518746,,,,,,,,,,,,,,,,,,,1982-10-01,1.62667898724384,1.07603194371608,0.41763654390886
1983-01-01,2.99078719966101,2.99027805283637,-0.409264131840933,-5.54859564869969,0.564250631584694,,,,,,,,,,,,,,,,,,,1983-01-01,1.6218404011889,1.08111011234646,0.417362343664204
1983-04-01,3.0802948013738,3.24610765987294,-0.610643792340171,-5.47546667145457,1.2132336733464,,,,,,,,,,,,,,,,,,,1983-04-01,1.59581558158864,1.08436898940441,0.416915791037058
1983-07-01,3.42766512072299,3.29345687590412,-0.317111197165055,-3.88318537290127,1.68094662776882,,,,,,,,,,,,,,,,,,,1983-07-01,1.5860618878828,1.08663936290073,0.416167190899869
1983-10-01,3.39991665695679,3.46903077881953,-0.544493364498822,-3.80579699827365,2.26140263698856,,,,,,,,,,,,,,,,,,,1983-10-01,1.58324513168478,1.08750928684017,0.415022604701976
1984-01-01,3.59845460928844,3.57507641955314,-0.466533035921677,-2.99395696708029,2.64913061776164,,,,,,,,,,,,,,,,,,,1984-01-01,1.58722478516478,1.08707086485087,0.413520600545695
1984-04-01,3.79254440382108,3.65410670349482,-0.36230345418431,-2.27134680967742,3.02639018317437,,,,,,,,,,,,,,,,,,,1984-04-01,1.59552933443418,1.08566967351843,0.411818698936707
1984-07-01,3.69273734220783,3.63922221588277,-0.445186329808889,-2.33709403883006,4.64455808160143,,,,,,,,,,,,,,,,,,,1984-07-01,1.60307027652719,1.08444097011874,0.410105438416754
1984-10-01,3.61894902895434,3.65590307899936,-0.53794137118866,-2.6851904087149,2.41487586952233,,,,,,,,,,,,,,,,,,,1984-10-01,1.61278369057251,1.08302462593961,0.408406822458511
1985-01-01,3.89454906246792,3.6521351290677,-0.258057046062121,-2.04815083882875,0.916752752493929,,,,,,,,,,,,,,,,,,,1985-01-01,1.62027164943195,1.08097891172469,0.406765548925325
1985-04-01,3.76605267544522,3.67205386705081,-0.409201738829188,-2.470946391143,0.735524923418596,,,,,,,,,,,,,,,,,,,1985-04-01,1.6229061039881,1.07867370668812,0.405235214714906
1985-07-01,3.95398180563065,3.76453540942621,-0.326427375436956,-2.06973560808774,0.434974579827375,,,,,,,,,,,,,,,,,,,1985-07-01,1.62712887795359,1.07535439338064,0.403840727030875
1985-10-01,3.74762663933806,3.69597656073632,-0.4548287191567,-2.26018683443306,0.86034452187475,,,,,,,,,,,,,,,,,,,1985-10-01,1.62331730718303,1.07278075667347,0.402656147711845
1986-01-01,3.83620696581181,3.6556696062261,-0.320417967575406,-1.82462066099663,0.7426429927539,,,,,,,,,,,,,,,,,,,1986-01-01,1.6200093629181,1.0704331865721,0.401673894453595
1986-04-01,3.58475827951351,3.56905267342023,-0.473380154453394,-2.25603106677977,0.188573146648397,,,,,,,,,,,,,,,,,,,1986-04-01,1.61485657060002,1.06899566035759,0.400846472910557
1986-07-01,3.57841957695983,3.58042155470219,-0.492645674934183,-2.27936744954025,-0.236814344411798,,,,,,,,,,,,,,,,,,,1986-07-01,1.61230272496452,1.06757518447316,0.400167032544545
1986-10-01,3.49960201281121,3.46632190768324,-0.441727926875732,-2.08725780038003,-0.188154913995536,,,,,,,,,,,,,,,,,,,1986-10-01,1.60771148912767,1.06700861503967,0.399600187080569
1987-01-01,3.38287770264912,3.43089731298059,-0.518173226772388,-2.22486681191583,0.327631025845335,,,,,,,,,,,,,,,,,,,1987-01-01,1.60475865221039,1.06674482723338,0.399122508363697
1987-04-01,3.54309656913471,3.42143903914255,-0.34719997023059,-1.63117912086659,0.34830394013676,,,,,,,,,,,,,,,,,,,1987-04-01,1.60095645498551,1.06619824946266,0.398717262869651
1987-07-01,3.51958528753749,3.38869742277709,-0.333482882307688,-1.46641142488238,0.370680656703308,,,,,,,,,,,,,,,,,,,1987-07-01,1.59989196788712,1.0655582281825,0.398336388501112
1987-10-01,3.7790500376335,3.52499475669427,-0.22899299524347,-0.940622467355865,-0.00636679246130534,,,,,,,,,,,,,,,,,,,1987-10-01,1.59827862439607,1.06363345353104,0.398027740466694
1988-01-01,3.63459970964779,3.39789028536398,-0.228921068324994,-0.80564739654244,-0.471698237842739,,,,,,,,,,,,,,,,,,,1988-01-01,1.59594899745021,1.06243907850804,0.397743216055787
1988-04-01,3.8411781622246,3.45955738445725,-0.0924602766068649,-0.322927257721858,-0.384147682701552,,,,,,,,,,,,,,,,,,,1988-04-01,1.59288847925723,1.06050627934257,0.397560760784491
1988-07-01,3.73977787467521,3.36784029421465,-0.0895750063282655,-0.236587154673657,0.366266304173772,,,,,,,,,,,,,,,,,,,1988-07-01,1.58915867477474,1.05891022174276,0.397411221850884
1988-10-01,3.86238798899368,3.46520806837195,-0.077675476216135,-0.114986763347247,0.683346933152901,,,,,,,,,,,,,,,,,,,1988-10-01,1.58881154327856,1.05630428170363,0.397409554107911
1989-01-01,3.87062715209333,3.48182476912282,-0.088330086375987,-0.0562159992523448,1.63323555315964,,,,,,,,,,,,,,,,,,,1989-01-01,1.59145001520903,1.05332390108159,0.397583435005664
1989-04-01,3.76844661827442,3.48311277115237,-0.19197512380899,-0.37462399302467,2.34812016555104,,,,,,,,,,,,,,,,,,,1989-04-01,1.59527722000478,1.05019403007598,0.397977599643249
1989-07-01,3.68143236296327,3.50763324403613,-0.306870019316262,-0.828716714686379,2.11957203308936,,,,,,,,,,,,,,,,,,,1989-07-01,1.60190514926934,1.04689417842931,0.398698369729949
1989-10-01,3.60197665113879,3.4028942298862,-0.267233787773524,-1.01877568079169,1.87990282127891,,,,,,,,,,,,,,,,,,,1989-10-01,1.60807608601971,1.04392131695401,0.399681039471703
1990-01-01,3.83669872497211,3.4877240146034,-0.128966163119322,-0.84714885551773,1.184235974295,,,,,,,,,,,,,,,,,,,1990-01-01,1.61785815801043,1.04042588255355,0.401352867324561
1990-04-01,3.76119101872244,3.39515129485726,-0.0992154306980131,-0.934295680936884,1.04569856829662,,,,,,,,,,,,,,,,,,,1990-04-01,1.61992249129889,1.03766499921163,0.403316649141411
1990-07-01,3.59207823342102,3.27277396580625,-0.129180888147816,-1.29281527236094,0.85966710409532,,,,,,,,,,,,,,,,,,,1990-07-01,1.61333826517538,1.03592682138917,0.405114702867004
1990-10-01,3.14768691902757,2.97874498282559,-0.239250906187139,-2.08102662791066,0.919890156807313,,,,,,,,,,,,,,,,,,,1990-10-01,1.61803258888702,1.03569612703598,0.405927501543787
1991-01-01,2.93975831228177,2.80978359165691,-0.255064467821796,-2.6598513477694,-0.0364419198735031,,,,,,,,,,,,,,,,,,,1991-01-01,1.64268478325409,1.03610538360296,0.406142799944565
1991-04-01,2.96882272704684,2.8758217332581,-0.301087743001845,-2.93466492551147,-0.339317931457056,,,,,,,,,,,,,,,,,,,1991-04-01,1.6400266572003,1.03634404698735,0.406536223221652
1991-07-01,2.93130401260386,2.78944270874656,-0.240390468123782,-2.69220743104938,-0.424891953806878,,,,,,,,,,,,,,,,,,,1991-07-01,1.65397670379488,1.0369703429574,0.406717008840627
1991-10-01,2.78124066555664,2.68379093397357,-0.27032403086827,-2.68322021136896,-1.10803273750067,,,,,,,,,,,,,,,,,,,1991-10-01,1.68346862530274,1.03800627787873,0.406600075687758
1992-01-01,2.86168988489469,2.74799976464408,-0.262882510599667,-2.40266266593142,-1.90998468407501,,,,,,,,,,,,,,,,,,,1992-01-01,1.68244518448568,1.03883093585253,0.406692871629299
1992-04-01,2.83775760793623,2.74268513028623,-0.280771861346722,-2.0246228196977,-2.08709446466436,,,,,,,,,,,,,,,,,,,1992-04-01,1.68812315664159,1.03976085979353,0.406752576463586
1992-07-01,2.74478808155846,2.71726107617536,-0.344833343888949,-1.7498298494379,-2.23033392108797,,,,,,,,,,,,,,,,,,,1992-07-01,1.69648371912265,1.04093644362393,0.406583890607066
1992-10-01,2.7755610960752,2.68916639210365,-0.282115685329661,-1.16086841429706,-2.43643518433316,,,,,,,,,,,,,,,,,,,1992-10-01,1.69767077767478,1.0424389675371,0.406045172038388
1993-01-01,2.53806366213689,2.50085297476481,-0.305494139678323,-0.969504811631509,-2.11914545858936,,,,,,,,,,,,,,,,,,,1993-01-01,1.73817233790812,1.04496177151892,0.404717076094317
1993-04-01,2.51106339755637,2.43918365346472,-0.262374216672852,-0.689064897204048,-2.18657044932228,,,,,,,,,,,,,,,,,,,1993-04-01,1.75963094087227,1.04806656322832,0.403096435593337
1993-07-01,2.34307040753308,2.37389397006605,-0.35613054005491,-0.74465174032639,-1.92246036757099,,,,,,,,,,,,,,,,,,,1993-07-01,1.78882818150675,1.05182892866907,0.401457682187431
1993-10-01,2.43553055577224,2.48483216564304,-0.389811022526721,-0.488232052951389,-1.87073481312945,,,,,,,,,,,,,,,,,,,1993-10-01,1.75967083284211,1.05542358150477,0.400205701630728
1994-01-01,2.37769527857046,2.48160881510279,-0.443981236780307,-0.234214150632056,-1.34871091138967,,,,,,,,,,,,,,,,,,,1994-01-01,1.7544682775868,1.05934855349625,0.399188857929027
1994-04-01,2.55708171534815,2.55216553647646,-0.344820274093699,0.402067588006389,-0.67481489105548,,,,,,,,,,,,,,,,,,,1994-04-01,1.7222436211868,1.06318836415301,0.398430474838245
1994-07-01,2.44148745623891,2.4892867512011,-0.388919142533183,0.51071207901532,0.0150822520350506,,,,,,,,,,,,,,,,,,,1994-07-01,1.73004923059597,1.06777758729767,0.39788232942221
1994-10-01,2.5333378502163,2.58775492034777,-0.409030520572325,0.60155408140065,0.655581689845487,,,,,,,,,,,,,,,,,,,1994-10-01,1.69400579129225,1.07231202370919,0.397608570713444
1995-01-01,2.44164357888111,2.51819169965316,-0.421628963035706,0.558709621895218,1.36527147247567,,,,,,,,,,,,,,,,,,,1995-01-01,1.69929361416051,1.07784805795306,0.397676954405759
1995-04-01,2.41895168916904,2.48194635188396,-0.403108617375042,0.40477179368861,1.69610012079596,,,,,,,,,,,,,,,,,,,1995-04-01,1.7043851723303,1.08413092282919,0.39823748894334
1995-07-01,2.4907688395019,2.5865993920218,-0.450285654933465,0.130150327642696,1.46532515116785,,,,,,,,,,,,,,,,,,,1995-07-01,1.67099808371366,1.09021342795011,0.399158891728725
1995-10-01,2.53530524999035,2.62060486157854,-0.444414659500675,0.0374427511720796,1.34240780219209,,,,,,,,,,,,,,,,,,,1995-10-01,1.65253892899061,1.09640044471475,0.400415379368299
1996-01-01,2.5371945672284,2.67573571706601,-0.505211064223902,-0.203242745632565,1.09447258425821,,,,,,,,,,,,,,,,,,,1996-01-01,1.63459638769164,1.10241625494329,0.401900666742332
1996-04-01,2.82427241555759,2.88830158301612,-0.459828082654676,0.0305814666047581,0.792494908763684,,,,,,,,,,,,,,,,,,,1996-04-01,1.57607028132492,1.10690417647189,0.403066712291622
1996-07-01,2.82899526158492,2.89956593853717,-0.467913205087509,0.141953059980892,0.877292290017199,,,,,,,,,,,,,,,,,,,1996-07-01,1.56165899676737,1.11155985238438,0.404327192702525
1996-10-01,2.95953731578747,2.95409119342713,-0.399368283664383,0.364329887011081,0.650406875074845,,,,,,,,,,,,,,,,,,,1996-10-01,1.54530967416633,1.11603037285904,0.40561382810842
1997-01-01,2.87457097593622,2.94924947786572,-0.478829422611078,0.139086194678043,0.734483947594566,,,,,,,,,,,,,,,,,,,1997-01-01,1.54425967833364,1.12078723054087,0.407094998498464
1997-04-01,3.16351756400899,3.14217265915726,-0.409243277894314,0.421186997027348,0.66098997640304,,,,,,,,,,,,,,,,,,,1997-04-01,1.51438300967305,1.12385976887656,0.407992823091003
1997-07-01,3.12235719057779,3.23539545832493,-0.556401253165824,0.235745624099764,0.933577336814767,,,,,,,,,,,,,,,,,,,1997-07-01,1.50319311068093,1.12642063553236,0.408652417884853
1997-10-01,3.12233776878475,3.23632294130658,-0.55747525573395,0.276310895737311,1.15687478815305,,,,,,,,,,,,,,,,,,,1997-10-01,1.49932298619129,1.1290848431472,0.409365801453572
1998-01-01,3.16509656604578,3.29311577682993,-0.579291910196481,0.197236562373746,1.22768097564771,,,,,,,,,,,,,,,,,,,1998-01-01,1.49467389469079,1.13130384988821,0.409934476098
1998-04-01,3.20496415857104,3.33036891663898,-0.581782448043158,0.144209838182178,1.37905150499826,,,,,,,,,,,,,,,,,,,1998-04-01,1.49254685776628,1.13299215102638,0.410288773832652
1998-07-01,3.35814921391067,3.43039240029099,-0.542327612022058,0.236572708399194,1.14060731326011,,,,,,,,,,,,,,,,,,,1998-07-01,1.49278040117009,1.13333353919924,0.41005584606407
1998-10-01,3.54281381088716,3.59057426610782,-0.539795431004815,0.356410939073839,0.235726227056561,,,,,,,,,,,,,,,,,,,1998-10-01,1.50405479367732,1.13193461221702,0.409054549513904
1999-01-01,3.49979339569325,3.58920312306222,-0.581256808324822,0.326219019596465,0.185260430639871,,,,,,,,,,,,,,,,,,,1999-01-01,1.50837631141198,1.13033894441875,0.407954125423654
1999-04-01,3.51669499916806,3.57324801241751,-0.546213682813163,0.388579694202122,0.143979257088418,,,,,,,,,,,,,,,,,,,1999-04-01,1.50917797592618,1.12845280963119,0.406779819618277
1999-07-01,3.64565782474975,3.66619388920231,-0.522933588581501,0.48710820902852,0.371130626970033,,,,,,,,,,,,,,,,,,,1999-07-01,1.52282971911349,1.12529181794751,0.40517668260576
1999-10-01,3.86920058892807,3.79344611228262,-0.444081078244426,0.845841518202292,0.222983577764058,,,,,,,,,,,,,,,,,,,1999-10-01,1.55223649838216,1.12079127109385,0.403218716854597
2000-01-01,3.74239684903738,3.65203720930471,-0.410097921277745,0.881100854764441,0.474878385767173,,,,,,,,,,,,,,,,,,,2000-01-01,1.54001143219043,1.11696643787153,0.401679115976106
2000-04-01,3.93981939197116,3.88011262459738,-0.472005148267241,0.75947235281501,0.919011990762383,,,,,,,,,,,,,,,,,,,2000-04-01,1.58714444137169,1.11164091528158,0.400010586734491
2000-07-01,3.75180290479532,3.68992278362222,-0.443769096174251,0.690245416524249,1.26084683047628,,,,,,,,,,,,,,,,,,,2000-07-01,1.56477807512911,1.10767667968127,0.399054523185372
2000-10-01,3.75431976222851,3.68455676432085,-0.435150886041361,0.397484015155669,1.1820041622657,,,,,,,,,,,,,,,,,,,2000-10-01,1.56637357854766,1.10403688194969,0.398527751849448
2001-01-01,3.58643728217397,3.47577772473963,-0.365644254122019,0.102305648143215,0.281318980058127,,,,,,,,,,,,,,,,,,,2001-01-01,1.53655951101259,1.10167046251395,0.398479057356439
2001-04-01,3.52535254485159,3.52156063419385,-0.478785769944388,-0.537089521824555,-1.04189620198819,,,,,,,,,,,,,,,,,,,2001-04-01,1.54271777429107,1.0994524347264,0.398692759192943
2001-07-01,3.15485938214321,3.29485532144355,-0.591507017514616,-1.13508942940268,-1.32518923474324,,,,,,,,,,,,,,,,,,,2001-07-01,1.51310897145028,1.09860837070462,0.399123942787734
2001-10-01,3.12830795346836,3.20134747135804,-0.51173673142867,-1.16614956320961,-2.7051495656141,,,,,,,,,,,,,,,,,,,2001-10-01,1.50364361367814,1.09824975877912,0.399625532217542
2002-01-01,3.0504831059946,3.20057537077272,-0.588683673377672,-1.28098579486084,-2.70107724080347,,,,,,,,,,,,,,,,,,,2002-01-01,1.50410804371237,1.09813877705787,0.400172922853181
2002-04-01,3.04280838436949,3.08100076266678,-0.460397859453649,-0.759673469573613,-2.84853206745501,,,,,,,,,,,,,,,,,,,2002-04-01,1.4982200828471,1.09869757045331,0.400627129758389
2002-07-01,2.90485946573286,2.94306276940826,-0.441506427675882,-0.549375269159555,-2.9874077952958,,,,,,,,,,,,,,,,,,,2002-07-01,1.49043079538214,1.10006790271836,0.400844497320876
2002-10-01,2.62826578719674,2.7826259703391,-0.535677822177379,-0.69701224046787,-2.89552587871138,,,,,,,,,,,,,,,,,,,2002-10-01,1.4873573547831,1.10230291573618,0.40080312752034
2003-01-01,2.50200288895646,2.71301148493645,-0.582786601769536,-0.690229538006747,-2.97128955107592,,,,,,,,,,,,,,,,,,,2003-01-01,1.49068598035372,1.10496018786614,0.400672656534713
2003-04-01,2.49908678181223,2.69762893541985,-0.568212209019887,-0.391641123957243,-2.80040749776718,,,,,,,,,,,,,,,,,,,2003-04-01,1.49004631182081,1.1076880436813,0.400581904089161
2003-07-01,2.68867031530383,2.81500412860442,-0.512088398945631,0.228612450219089,-3.15145354081484,,,,,,,,,,,,,,,,,,,2003-07-01,1.48593016258041,1.11000232403043,0.400556766323157
2003-10-01,2.68152379958084,2.79819155233892,-0.5001184240589,0.760529028121482,-3.25633031202228,,,,,,,,,,,,,,,,,,,2003-10-01,1.48581137926733,1.11248883667562,0.400530885613751
2004-01-01,2.59815749823444,2.6801973334629,-0.449321148002053,1.19022933239705,-3.40635704586933,,,,,,,,,,,,,,,,,,,2004-01-01,1.48390643857909,1.11550915665521,0.400481154410593
2004-04-01,2.57999491505962,2.64752175381852,-0.430330447731515,1.45946769291265,-3.57201809225353,,,,,,,,,,,,,,,,,,,2004-04-01,1.48395561617311,1.1187481787414,0.400434026033602
2004-07-01,2.48151595294356,2.66689857765621,-0.550841540146335,1.43642331787737,-2.94253466827518,,,,,,,,,,,,,,,,,,,2004-07-01,1.48381831890159,1.12201912853298,0.400399374580306
2004-10-01,2.55030605146038,2.67229921790487,-0.488192159564088,1.88050589012778,-2.56969698071109,,,,,,,,,,,,,,,,,,,2004-10-01,1.48522222613285,1.12522824985348,0.400363836014209
2005-01-01,2.67198841019903,2.69976412947618,-0.397738371382291,2.37537632845942,-2.31472268000623,,,,,,,,,,,,,,,,,,,2005-01-01,1.4910830404958,1.12831267872763,0.400318033607017
2005-04-01,2.486905806373,2.63805961537592,-0.512660772170588,2.21754385463271,-1.55950860281407,,,,,,,,,,,,,,,,,,,2005-04-01,1.48992929696608,1.1316209025171,0.400296790725682
2005-07-01,2.43780376946741,2.67345903658416,-0.602013196192962,2.03715105825711,-1.0021660092028,,,,,,,,,,,,,,,,,,,2005-07-01,1.49411475529493,1.13475331843057,0.400249328743232
2005-10-01,2.50099786034333,2.63914666682881,-0.499804733940106,2.25778881324868,-0.641289867505482,,,,,,,,,,,,,,,,,,,2005-10-01,1.49656276204971,1.13771359531045,0.400144598987205
2006-01-01,2.65369450696564,2.80153133567882,-0.531745167811126,2.23995496585997,-0.1602718634444,,,,,,,,,,,,,,,,,,,2006-01-01,1.52272787846628,1.14004160273355,0.399964359712876
2006-04-01,2.63081997088394,2.69215225678535,-0.430251843694193,2.40149759075746,0.0446680953360921,,,,,,,,,,,,,,,,,,,2006-04-01,1.52029427825363,1.14249362382771,0.399831080483999
2006-07-01,2.45484662859374,2.65359761617529,-0.562387203420363,1.78826169054423,0.434410165614611,,,,,,,,,,,,,,,,,,,2006-07-01,1.51596949449326,1.1449140339419,0.399704275907971
2006-10-01,2.48684652773588,2.76471144785935,-0.656727639421083,1.35482947607261,0.637298248466332,,,,,,,,,,,,,,,,,,,2006-10-01,1.53466638779564,1.14696463919506,0.399691118355571
2007-01-01,2.5086697995203,2.70437884957322,-0.566304081137836,1.35992729313477,0.519416150686728,,,,,,,,,,,,,,,,,,,2007-01-01,1.53488832492268,1.14900100008525,0.399912930874237
2007-04-01,2.43442663344213,2.76807394580818,-0.712970812161209,0.800958447333414,0.962484771566598,,,,,,,,,,,,,,,,,,,2007-04-01,1.54828089468088,1.15105647045988,0.400634469557114
2007-07-01,2.46306846215312,2.78465750361197,-0.703185072013062,0.662090043074841,0.794779024658518,,,,,,,,,,,,,,,,,,,2007-07-01,1.56420325239428,1.1534297081037,0.402164701240119
2007-10-01,2.57376614634586,2.78661210625931,-0.594709839785065,0.76454091946357,-0.19088691632126,,,,,,,,,,,,,,,,,,,2007-10-01,1.5835853407715,1.15646647034466,0.404761616782249
2008-01-01,2.27094876541623,2.60128587061356,-0.686804771786619,0.220496010542092,-1.117305082694,,,,,,,,,,,,,,,,,,,2008-01-01,1.5567033656128,1.16020043214567,0.407945631215115
2008-04-01,2.25431646929241,2.64219833074891,-0.749955974212907,-0.135658567722544,-2.24374660432304,,,,,,,,,,,,,,,,,,,2008-04-01,1.57774991200151,1.16484814710292,0.412028037074747
2008-07-01,1.96460895083992,2.38789552832865,-0.75051226100868,-0.32471692136744,-2.1237352714513,,,,,,,,,,,,,,,,,,,2008-07-01,1.5432986438081,1.16976413943327,0.415481434362514
2008-10-01,0.994489766420985,1.88582352085431,-1.14975791214406,-1.88272941931552,-1.85540958726258,,,,,,,,,,,,,,,,,,,2008-10-01,1.48798850864271,1.17374282726388,0.416312449070762
2009-01-01,0.644144858414019,1.6363252668072,-1.21641452899842,-2.66665395294683,-1.30676069452526,,,,,,,,,,,,,,,,,,,2009-01-01,1.51130901268938,1.17727738740912,0.415582067593011
2009-04-01,0.70970419964131,1.52393682765243,-1.02306557909874,-2.4497052929122,-1.34717555244013,,,,,,,,,,,,,,,,,,,2009-04-01,1.53644854598911,1.18080736357681,0.414462719887806
2009-07-01,0.720148601699,1.49291456565234,-0.97734777391401,-2.26385898480942,-1.22528670855556,,,,,,,,,,,,,,,,,,,2009-07-01,1.54844571002759,1.18446768581067,0.413515509961058
2009-10-01,1.01610878300335,1.54652393599501,-0.742343332441845,-1.35683050515661,-2.2595286613708,,,,,,,,,,,,,,,,,,,2009-10-01,1.54080006424006,1.18846691652193,0.413142935233743
2010-01-01,0.867172978920559,1.49151607748672,-0.828733266455198,-1.18581077919146,-2.43993677427155,,,,,,,,,,,,,,,,,,,2010-01-01,1.55425516792104,1.19247812311789,0.412816783633462
2010-04-01,0.875461000947961,1.54004752250357,-0.875627204544434,-0.872164775694273,-2.26512611059515,,,,,,,,,,,,,,,,,,,2010-04-01,1.55505763684753,1.19672430676235,0.412791093877512
2010-07-01,0.781707749074436,1.5383467464246,-0.967446614190009,-0.647754294280617,-1.97879097687711,,,,,,,,,,,,,,,,,,,2010-07-01,1.5611590985771,1.2010562332426,0.412814798596334
2010-10-01,0.762300416204214,1.47906211659693,-0.919445237561807,-0.193277604899208,-1.65199675137683,,,,,,,,,,,,,,,,,,,2010-10-01,1.57474354138253,1.20539640468468,0.412626159361423
2011-01-01,0.614492292996467,1.2902847524157,-0.852606857300416,0.0604619647579057,-1.63181200588622,,,,,,,,,,,,,,,,,,,2011-01-01,1.61713830584487,1.20960809058611,0.411924569082272
2011-04-01,0.789340688047237,1.33354595033565,-0.726947966031936,0.4723709963273,-2.18536399933733,,,,,,,,,,,,,,,,,,,2011-04-01,1.6185117477738,1.21409074661084,0.411427252126687
2011-07-01,0.620253962020621,1.22040869851886,-0.767393657049357,0.471757798328667,-2.32717806883973,,,,,,,,,,,,,,,,,,,2011-07-01,1.65205568147841,1.21857923879665,0.41086328574299
2011-10-01,0.742981458147644,1.36815328080452,-0.81265694801522,0.618246845503904,-2.50148393675846,,,,,,,,,,,,,,,,,,,2011-10-01,1.62765505462219,1.22335113496754,0.410820390146605
2012-01-01,0.880078542517637,1.37467554489325,-0.682975907339975,1.30124738286816,-2.79827520338625,,,,,,,,,,,,,,,,,,,2012-01-01,1.62083535638669,1.22820752369389,0.410937723819563
2012-04-01,0.737956486880364,1.34923617574177,-0.796172505401815,1.30646634924528,-2.43433663678525,,,,,,,,,,,,,,,,,,,2012-04-01,1.63074376479272,1.23313227394575,0.410962973368211
2012-07-01,0.561045512704869,1.28745930284043,-0.902841002037478,1.19287606490286,-2.10185873400199,,,,,,,,,,,,,,,,,,,2012-07-01,1.6529560029323,1.23816055847005,0.410835555625189
2012-10-01,0.518466222607426,1.21667952446697,-0.864941194388863,1.3282757594643,-2.12757935967682,,,,,,,,,,,,,,,,,,,2012-10-01,1.67737064934153,1.24337551211942,0.410711050336761
2013-01-01,0.609911037941136,1.32165613209934,-0.892858474569471,1.42426867794507,-2.00730192317932,,,,,,,,,,,,,,,,,,,2013-01-01,1.66329270381442,1.24875815103328,0.410820061185779
2013-04-01,0.454690475163317,1.25107106843233,-0.967821337071709,1.37458316751486,-1.77139632443549,,,,,,,,,,,,,,,,,,,2013-04-01,1.68356849434017,1.25427001711352,0.411008680534667
2013-07-01,0.573564388393902,1.33076807895217,-0.939565728208397,1.58810401897199,-2.02230331124209,,,,,,,,,,,,,,,,,,,2013-07-01,1.67230782805108,1.25992135224763,0.411422470673296
2013-10-01,0.662650260012922,1.36631685279206,-0.890900062901947,1.91263906064751,-2.15455568837928,,,,,,,,,,,,,,,,,,,2013-10-01,1.66852349953251,1.26564929825835,0.411943520047124
2014-01-01,0.382756189075789,1.20603113931873,-0.988543639441473,1.67362697033525,-1.83358383803517,,,,,,,,,,,,,,,,,,,2014-01-01,1.71580251390523,1.27168746547297,0.41262671904046
2014-04-01,0.691531299882861,1.40633422249665,-0.907520180029173,2.00707451722303,-2.30929427608881,,,,,,,,,,,,,,,,,,,2014-04-01,1.68576181834874,1.27767818320146,0.413561318764668
2014-07-01,0.775499931645858,1.52963961823506,-0.963754120586863,2.22634032735868,-2.39465692725599,,,,,,,,,,,,,,,,,,,2014-07-01,1.66863532472714,1.28351043759007,0.414607071514207
2014-10-01,0.648273488367376,1.50053070167288,-1.05788270180468,2.23550110820258,-2.05684547827859,,,,,,,,,,,,,,,,,,,2014-10-01,1.67951946759038,1.28945625844541,0.415792733405698
2015-01-01,0.646088346226158,1.5798232183946,-1.15022622463631,2.1906782356275,-1.89529510214988,,,,,,,,,,,,,,,,,,,2015-01-01,1.67780684106524,1.29543622386304,0.417093628271504
2015-04-01,0.723309984609723,1.57949962044894,-1.07263664400572,2.51619306725809,-1.89392390359013,,,,,,,,,,,,,,,,,,,2015-04-01,1.68240992160393,1.3015326462032,0.418511431180962
2015-07-01,0.627081119284588,1.56308272009871,-1.15019891615501,2.36797514111231,-1.70001387681849,,,,,,,,,,,,,,,,,,,2015-07-01,1.69334264767312,1.30785142533879,0.420083445257439
2015-10-01,0.508084315779275,1.52703536829401,-1.2282086126639,2.12359846484173,-1.48644874908429,,,,,,,,,,,,,,,,,,,2015-10-01,1.70872891757613,1.31446172305088,0.421882930676765
2016-01-01,0.642428239083471,1.57146241819132,-1.14437980785003,2.30658429601021,-1.63915813863924,,,,,,,,,,,,,,,,,,,2016-01-01,1.71142741405926,1.32118076833323,0.423859863496083
2016-04-01,0.675896112963766,1.54245745715715,-1.07793227300113,2.45034327825158,-1.77362021500491,,,,,,,,,,,,,,,,,,,2016-04-01,1.72343273422887,1.32815810934437,0.426107533871154
2016-07-01,0.714571601671098,1.59677241421406,-1.10101480103965,2.40844124458954,-1.95204472196925,,,,,,,,,,,,,,,,,,,2016-07-01,1.72908280035706,1.33528960452314,0.42859370988929
2016-10-01,0.672631156526022,1.61944539099513,-1.16873521832493,2.29286314953845,-2.00276554430967,,,,,,,,,,,,,,,,,,,2016-10-01,1.73939377434026,1.3426635174464,0.431388471949114
2017-01-01,0.685813833083061,1.61464186682228,-1.15009076581554,2.36945644698108,-1.81553279353576,,,,,,,,,,,,,,,,,,,2017-01-01,1.75403683651954,1.35035486254927,0.434568472856136
2017-04-01,0.645170076234126,1.64192033250548,-1.22175109768817,2.23105413666974,-1.3635604821983,,,,,,,,,,,,,,,,,,,2017-04-01,1.76797146097128,1.35830123652443,0.438164139808839
2017-07-01,0.683356383799772,1.7337641280987,-1.28799441639113,2.16316270720802,-1.04195590672771,,,,,,,,,,,,,,,,,,,2017-07-01,1.77492744622937,1.36626361657024,0.442096273227602
2017-10-01,0.867450134383215,1.8288520401768,-1.21201896663401,2.49389738749346,-1.30066936097503,,,,,,,,,,,,,,,,,,,2017-10-01,1.78211314150823,1.37413898320436,0.446332810956464
2018-01-01,0.981350161951418,1.84932443945659,-1.12139677717998,2.81062579572836,-1.34293683989716,,,,,,,,,,,,,,,,,,,2018-01-01,1.79634320949585,1.3821780732292,0.451044264557411
2018-04-01,1.00839681540917,1.9019503994558,-1.15418769140164,2.7767163777703,-1.24346895460907,,,,,,,,,,,,,,,,,,,2018-04-01,1.8133004923364,1.39040046977926,0.456269043788499
2018-07-01,0.960042117245761,1.97454304090947,-1.28508277640221,2.49786661900077,-1.03969984586821,,,,,,,,,,,,,,,,,,,2018-07-01,1.83262296763162,1.39880827813781,0.462060861448215
2018-10-01,0.888145450267432,1.91745333987797,-1.29206644513174,2.39784467065692,-0.629621159829151,,,,,,,,,,,,,,,,,,,2018-10-01,1.85296460055227,1.40775352037755,0.468694970815453
2019-01-01,0.867399169329122,1.97451593846933,-1.37769490789107,2.0800875219303,-0.135730586786002,,,,,,,,,,,,,,,,,,,2019-01-01,1.87412040842444,1.4169186798551,0.476070099980048
2019-04-01,0.984778383177413,2.02885073697024,-1.32209627120839,2.14409886727606,-0.221551263951313,,,,,,,,,,,,,,,,,,,2019-04-01,1.89584602725465,1.42620282728475,0.48421632121513
2019-07-01,1.04857347671297,2.13602630023222,-1.38016356308804,1.99603567011627,-0.547311971275189,,,,,,,,,,,,,,,,,,,2019-07-01,1.91936622736741,1.43552132737292,0.493170352009933
2019-10-01,0.963855263135287,2.13730740229725,-1.46633843477744,1.74302993729327,-0.872801300015417,,,,,,,,,,,,,,,,,,,2019-10-01,1.93253840618002,1.44515353268597,0.50318034631235
2020-01-01,0.959746391682448,2.09341958175056,-1.42054531047944,1.72542023641346,-1.36262991852985,,,,,,,,,,,,,,,,,,,2020-01-01,2.05002646903609,1.45363999823459,0.511217405468976
2020-04-01,0.920958414448412,2.06618091898669,-1.42836197000916,-3.00596376312257,-1.78468831712518,,,,,,,,,,,,,,,,,,,2020-04-01,2.1245237613058,1.46251595394242,0.519359033883086
2020-07-01,0.97940976391582,2.10900594033847,-1.41860417622317,3.43223410236538,-2.18706185700797,,,,,,,,,,,,,,,,,,,2020-07-01,2.19506420838628,1.47076897798015,0.526945334601318
2020-10-01,0.962347049333014,2.096454093936,-1.42139499992511,4.07089920383569,-2.25177411077934,,,,,,,,,,,,,,,,,,,2020-10-01,2.24019214657866,1.4797512545819,0.535419342855908
2021-01-01,1.1059642659777,2.15732536536859,-1.34699056009504,4.89751564957982,-2.74048758701889,,,,,,,,,,,,,,,,,,,2021-01-01,2.30245537192963,1.48854968086884,0.544382454958493
2021-04-01,1.20026646123218,2.11115239950079,-1.20018807847779,5.60263224069489,-4.55140442839232,,,,,,,,,,,,,,,,,,,2021-04-01,2.32628635039369,1.49795195385627,0.55458213056226
2021-07-01,1.12607985984997,2.07196556442409,-1.22981786994947,5.38380450199178,-4.85000953539081,,,,,,,,,,,,,,,,,,,2021-07-01,2.37443916695556,1.50789279656109,0.565690295686581
2021-10-01,1.32250690713262,2.23447172070997,-1.21816603864814,5.84821181262701,-5.85589394623258,,,,,,,,,,,,,,,,,,,2021-10-01,2.47993766154083,1.51704925584209,0.576954735797315
2022-01-01,0.963402174888002,1.91522787891839,-1.21427929311776,5.58114419224092,-6.03119612873416,,,,,,,,,,,,,,,,,,,2022-01-01,2.52759170274686,1.52638313547525,0.588404025177504
2022-04-01,0.666278026763365,1.72894685438697,-1.29959536376584,4.47932086577046,-4.74361461098106,,,,,,,,,,,,,,,,,,,2022-04-01,2.57891841280808,1.5361800301135,0.600370652672369
2022-07-01,0.785471998077661,1.85092985983613,-1.31910036049721,4.16435699056365,-3.37008810730025,,,,,,,,,,,,,,,,,,,2022-07-01,2.67468922603631,1.54615500114477,0.61290356301574
2022-10-01,0.717092543885359,1.82586630377199,-1.35898166981392,4.01878805639363,-1.6712651089527,,,,,,,,,,,,,,,,,,,2022-10-01,2.7268187092967,1.55700625278369,0.6273644747249
2023-01-01,0.682927573819563,1.80132609122055,-1.36524355498709,3.9090127977713,-0.544432598603843,,,,,,,,,,,,,,,,,,,2023-01-01,2.74842448433909,1.56910208356761,0.644299357944367
2023-04-01,0.568820001895809,1.8667237136346,-1.55371052400939,3.03135286251494,0.273117396896621,,,,,,,,,,,,,,,,,,,2023-04-01,2.74569249569975,1.56910208356761,0.644299357944367
